Data:float,Data2:float
"0.0","0.0"
"0.0020000003278255463","0.006283179856836796"
"0.008000001311302185","0.012566359713673592"
"0.018000001087784767","0.025132719427347183"
"0.03200000524520874","0.043982259929180145"
"0.05000000447034836","0.0628318041563034"
"0.07200000435113907","0.08796451985836029"
"0.09800000488758087","0.11309724301099777"
"0.12800002098083496","0.13822995126247406"
"0.16200003027915955","0.16964586079120636"
"0.20000001788139343","0.2073449343442917"
"0.2420000433921814","0.2450440227985382"
"0.2880000174045563","0.28902629017829895"
"0.33799999952316284","0.3330085277557373"
"0.3920000195503235","0.3832739591598511"
"0.45000001788139343","0.43353942036628723"
"0.5120000839233398","0.4900880455970764"
"0.578000009059906","0.5466366410255432"
"0.6480001211166382","0.6094684600830078"
"0.7220000624656677","0.6785834431648254"
"0.8000000715255737","0.7539815902709961"
"0.8820001482963562","0.8293797373771667"
"0.9680001735687256","0.9047779440879822"
"1.058000087738037","0.9927424788475037"
"1.152000069618225","1.0807069540023804"
"1.2500009536743164","1.1749546527862549"
"1.3499994277954102","1.2754855155944824"
"1.4499998092651367","1.37601637840271"
"1.5499992370605469","1.476547360420227"
"1.6499996185302734","1.5770782232284546"
"1.75","1.6838922500610352"
"1.8500003814697266","1.7907063961029053"
"1.9500007629394531","1.8912372589111328"
"2.049999237060547","1.9980511665344238"
"2.15000057220459","2.104865312576294"
"2.25","2.2053961753845215"
"2.34999942779541","2.3122103214263916"
"2.4499998092651367","2.4190242290496826"
"2.5500001907348633","2.51955509185791"
"2.65000057220459","2.6263692378997803"
"2.7500009536743164","2.726900100708008"
"2.8500003814697266","2.833714246749878"
"2.9499998092651367","2.9342451095581055"
"3.0500001907348633","3.0410592555999756"
"3.1499996185302734","3.141589879989624"
"3.25","3.2421209812164307"
"3.3500003814697266","3.3489348888397217"
"3.450000762939453","3.4494659900665283"
"3.5500001907348633","3.5499966144561768"
"3.65000057220459","3.656810760498047"
"3.75","3.7573416233062744"
"3.8500003814697266","3.8641555309295654"
"3.9499998092651367","3.964686632156372"
"4.050000190734863","4.0652174949646"
"4.15000057220459","4.172031402587891"
"4.250000953674316","4.272562026977539"
"4.350000381469727","4.373093128204346"
"4.450000762939453","4.479907512664795"
"4.550000190734863","4.580438137054443"
"4.649999618530273","4.68096923828125"
"4.75","4.781499862670898"
"4.850000381469727","4.882030963897705"
"4.950000762939453","4.988844871520996"
"5.050000190734863","5.089375972747803"
"5.15000057220459","5.189906597137451"
"5.250000953674316","5.290437698364258"
"5.350000381469727","5.390968322753906"
"5.449999809265137","5.491499423980713"
"5.550000190734863","5.585746765136719"
"5.65000057220459","5.686277866363525"
"5.75","5.786808967590332"
"5.850000381469727","5.8873395919799805"
"5.950000762939453","5.981586933135986"
"6.050000190734863","6.082118511199951"
"6.149999618530273","6.176365852355957"
"6.25","6.276896953582764"
"6.350000381469727","6.377427577972412"
"6.450000762939453","6.471675395965576"
"6.550000190734863","6.572206497192383"
"6.65000057220459","6.666453838348389"
"6.750000953674316","6.766984939575195"
"6.850000381469727","6.867516040802002"
"6.949999809265137","6.961763381958008"
"7.050000190734863","7.062294006347656"
"7.15000057220459","7.162825584411621"
"7.25","7.257072925567627"
"7.350000381469727","7.357603549957275"
"7.450000762939453","7.458134651184082"
"7.55000114440918","7.558665752410889"
"7.65000057220459","7.659196376800537"
"7.750000476837158","7.759727478027344"
"7.850000381469727","7.85397481918335"
"7.950000762939453","7.954505920410156"
"8.050000190734863","8.055036544799805"
"8.15000057220459","8.155567169189453"
"8.25","8.256097793579102"
"8.350000381469727","8.356629371643066"
"8.450000762939453","8.457159996032715"
"8.55000114440918","8.551407814025879"
"8.65000057220459","8.651939392089844"
"8.75","8.752469062805176"
"8.850000381469727","8.85300064086914"
"8.950000762939453","8.947248458862305"
"9.05000114440918","9.047779083251953"
"9.149999618530273","9.148309707641602"
"9.25","9.242558479309082"
"9.350000381469727","9.343088150024414"
"9.450000762939453","9.443619728088379"
"9.550000190734863","9.544150352478027"
"9.65000057220459","9.638398170471191"
"9.75","9.73892879486084"
"9.850000381469727","9.839459419250488"
"9.950000762939453","9.939990997314453"
"10.05000114440918","10.034238815307617"
"10.15000057220459","10.134769439697266"
"10.25","10.235300064086914"
"10.350000381469727","10.335830688476562"
"10.450000762939453","10.436362266540527"
"10.55000114440918","10.536892890930176"
"10.649999618530273","10.637423515319824"
"10.75","10.737954139709473"
"10.850000381469727","10.838485717773438"
"10.950000762939453","10.939016342163086"
"11.050000190734863","11.039546966552734"
"11.15000057220459","11.140077590942383"
"11.25","11.240609169006348"
"11.350000381469727","11.341139793395996"
"11.450000762939453","11.441670417785645"
"11.55000114440918","11.535918235778809"
"11.65000057220459","11.636449813842773"
"11.750000953674316","11.736980438232422"
"11.850001335144043","11.83751106262207"
"11.949999809265137","11.938041687011719"
"12.050000190734863","12.032289505004883"
"12.15000057220459","12.132821083068848"
"12.25","12.23335075378418"
"12.350000381469727","12.333882331848145"
"12.450000762939453","12.428130149841309"
"12.55000114440918","12.528660774230957"
"12.650001525878906","12.629192352294922"
"12.75","12.723440170288086"
"12.850000381469727","12.823969841003418"
"12.950000762939453","12.924501419067383"
"13.05000114440918","13.025032043457031"
"13.15000057220459","13.12556266784668"
"13.250000953674316","13.226094245910645"
"13.350001335144043","13.326624870300293"
"13.449999809265137","13.420872688293457"
"13.550000190734863","13.521404266357422"
"13.65000057220459","13.621933937072754"
"13.750000953674316","13.728748321533203"
"13.850000381469727","13.829278945922852"
"13.950000762939453","13.929810523986816"
"14.05000114440918","14.030341148376465"
"14.150001525878906","14.130871772766113"
"14.25","14.231402397155762"
"14.350000381469727","14.331933975219727"
"14.450000762939453","14.432464599609375"
"14.55000114440918","14.539278984069824"
"14.65000057220459","14.639808654785156"
"14.750000953674316","14.740340232849121"
"14.850001335144043","14.840871810913086"
"14.949999809265137","14.941401481628418"
"15.050000190734863","15.041933059692383"
"15.15000057220459","15.142464637756348"
"15.250000953674316","15.24299430847168"
"15.350000381469727","15.343525886535645"
"15.450000762939453","15.444056510925293"
"15.55000114440918","15.544587135314941"
"15.650001525878906","15.645118713378906"
"15.75","15.745649337768555"
"15.850000381469727","15.846179962158203"
"15.950000762939453","15.946711540222168"
"16.05000114440918","16.0472412109375"
"16.150001525878906","16.14777374267578"
"16.250001907348633","16.248302459716797"
"16.35000228881836","16.348834991455078"
"16.450000762939453","16.449363708496094"
"16.55000114440918","16.549896240234375"
"16.649999618530273","16.650426864624023"
"16.75","16.750957489013672"
"16.850000381469727","16.851490020751953"
"16.950000762939453","16.95201873779297"
"17.05000114440918","17.052549362182617"
"17.150001525878906","17.1530818939209"
"17.25","17.253612518310547"
"17.350000381469727","17.354143142700195"
"17.450000762939453","17.460956573486328"
"17.55000114440918","17.561487197875977"
"17.650001525878906","17.662017822265625"
"17.750001907348633","17.762550354003906"
"17.85000228881836","17.85679817199707"
"17.950000762939453","17.95732879638672"
"18.05000114440918","18.057857513427734"
"18.150001525878906","18.158390045166016"
"18.25","18.258920669555664"
"18.350000381469727","18.353168487548828"
"18.450000762939453","18.45370101928711"
"18.55000114440918","18.554229736328125"
"18.650001525878906","18.654760360717773"
"18.75","18.749008178710938"
"18.850000381469727","18.84954071044922"
"18.950000762939453","18.950071334838867"
"19.05000114440918","19.0443172454834"
"19.150001525878906","19.144847869873047"
"19.250001907348633","19.245380401611328"
"19.35000228881836","19.345911026000977"
"19.450000762939453","19.44015884399414"
"19.55000114440918","19.540691375732422"
"19.650001525878906","19.641220092773438"
"19.75","19.741750717163086"
"19.850000381469727","19.842281341552734"
"19.950000762939453","19.942813873291016"
"20.05000114440918","20.043344497680664"
"20.150001525878906","20.14387321472168"
"20.25","20.24440574645996"
"20.350000381469727","20.34493637084961"
"20.450000762939453","20.445466995239258"
"20.55000114440918","20.54599952697754"
"20.650001525878906","20.646528244018555"
"20.750001907348633","20.747058868408203"
"20.85000228881836","20.847591400146484"
"20.950000762939453","20.948122024536133"
"21.05000114440918","21.04865264892578"
"21.150001525878906","21.149185180664062"
"21.25","21.249713897705078"
"21.35000228881836","21.350244522094727"
"21.450000762939453","21.450777053833008"
"21.55000114440918","21.551307678222656"
"21.650001525878906","21.651838302612305"
"21.75","21.746084213256836"
"21.850000381469727","21.846616744995117"
"21.950000762939453","21.947147369384766"
"22.05000114440918","22.047677993774414"
"22.150001525878906","22.148210525512695"
"22.250001907348633","22.248741149902344"
"22.35000228881836","22.34926986694336"
"22.450000762939453","22.44980239868164"
"22.55000114440918","22.55033302307129"
"22.650001525878906","22.650863647460938"
"22.75","22.75139617919922"
"22.85000228881836","22.851924896240234"
"22.950000762939453","22.952455520629883"
"23.05000114440918","23.052988052368164"
"23.150001525878906","23.153518676757812"
"23.25","23.25404930114746"
"23.350000381469727","23.35457992553711"
"23.450000762939453","23.455110549926758"
"23.55000114440918","23.555641174316406"
"23.650001525878906","23.656173706054688"
"23.75","23.756704330444336"
"23.85000228881836","23.857234954833984"
"23.950000762939453","23.957765579223633"
"24.050003051757812","24.05829620361328"
"24.150001525878906","24.15882682800293"
"24.250003814697266","24.25935935974121"
"24.35000228881836","24.35988998413086"
"24.450000762939453","24.45413589477539"
"24.55000114440918","24.55466651916504"
"24.650001525878906","24.65519905090332"
"24.750001907348633","24.75572967529297"
"24.850000381469727","24.849977493286133"
"24.950002670288086","24.95050621032715"
"25.05000114440918","25.05103874206543"
"25.149999618530273","25.145286560058594"
"25.250001907348633","25.245817184448242"
"25.350000381469727","25.34634780883789"
"25.450000762939453","25.446880340576172"
"25.55000114440918","25.541126251220703"
"25.650001525878906","25.64165687561035"
"25.75","25.742189407348633"
"25.85000228881836","25.84272003173828"
"25.950000762939453","25.94325065612793"
"26.049999237060547","26.03749656677246"
"26.150001525878906","26.138029098510742"
"26.25","26.23855972290039"
"26.35000228881836","26.33909034729004"
"26.450000762939453","26.43962287902832"
"26.550003051757812","26.540151596069336"
"26.650001525878906","26.640682220458984"
"26.75","26.741214752197266"
"26.85000228881836","26.841745376586914"
"26.950000762939453","26.942276000976562"
"27.050003051757812","27.042808532714844"
"27.150001525878906","27.14333724975586"
"27.250003814697266","27.250150680541992"
"27.35000228881836","27.344398498535156"
"27.450000762939453","27.444931030273438"
"27.550003051757812","27.545461654663086"
"27.650001525878906","27.6459903717041"
"27.750001907348633","27.746522903442383"
"27.850000381469727","27.84705352783203"
"27.950002670288086","27.94758415222168"
"28.05000114440918","28.04811668395996"
"28.149999618530273","28.14864730834961"
"28.250001907348633","28.249176025390625"
"28.350000381469727","28.349708557128906"
"28.450000762939453","28.450239181518555"
"28.55000114440918","28.550769805908203"
"28.650001525878906","28.651302337646484"
"28.75","28.745548248291016"
"28.85000228881836","28.846078872680664"
"28.950000762939453","28.946609497070312"
"29.049999237060547","29.047142028808594"
"29.150001525878906","29.147672653198242"
"29.25","29.254486083984375"
"29.35000228881836","29.355016708374023"
"29.450000762939453","29.455547332763672"
"29.550003051757812","29.556079864501953"
"29.650001525878906","29.6566104888916"
"29.75","29.757139205932617"
"29.85000228881836","29.8576717376709"
"29.950000762939453","29.958202362060547"
"30.050003051757812","30.058732986450195"
"30.150001525878906","30.159265518188477"
"30.24858856201172","30.259796142578125"
"30.343223571777344","30.36032485961914"
"30.433856964111328","30.454572677612305"
"30.52049446105957","30.555105209350586"
"30.603130340576172","30.64935302734375"
"30.681766510009766","30.73731803894043"
"30.75640296936035","30.82528305053711"
"30.82703971862793","30.90696144104004"
"30.893674850463867","30.988643646240234"
"30.956310272216797","31.064041137695312"
"31.01494789123535","31.13315773010254"
"31.069581985473633","31.202272415161133"
"31.12021827697754","31.265104293823242"
"31.166854858398438","31.321653366088867"
"31.209491729736328","31.371917724609375"
"31.248126983642578","31.422182083129883"
"31.28276252746582","31.46616554260254"
"31.313398361206055","31.503864288330078"
"31.34003448486328","31.541563034057617"
"31.3626708984375","31.566696166992188"
"31.381305694580078","31.591829299926758"
"31.39594268798828","31.610679626464844"
"31.406578063964844","31.623245239257812"
"31.41321563720703","31.629528045654297"
"31.415849685668945","31.629528045654297"
"31.41590118408203","31.629528045654297"
"31.41590118408203","31.623245239257812"
"31.41590118408203","31.610679626464844"
"31.41590118408203","31.598112106323242"
"31.41590118408203","31.585546493530273"
"31.41590118408203","31.572978973388672"
"31.41590118408203","31.560413360595703"
"31.41590118408203","31.541563034057617"
"31.41590118408203","31.52899742126465"
"31.41590118408203","31.516429901123047"
"31.41590118408203","31.510147094726562"
"31.41590118408203","31.497581481933594"
"31.41590118408203","31.485013961791992"
"31.41590118408203","31.472448348999023"
"31.41590118408203","31.46616554260254"
"31.41590118408203","31.453598022460938"
"31.41590118408203","31.447315216064453"
"31.41590118408203","31.434749603271484"
"31.41590118408203","31.428466796875"
"31.41590118408203","31.422182083129883"
"31.41590118408203","31.4158992767334"
"31.41590118408203","31.409616470336914"
"31.41590118408203","31.40333366394043"
"31.41590118408203","31.397048950195312"
"31.41590118408203","31.397048950195312"
"31.41590118408203","31.390766143798828"
"31.41590118408203","31.384483337402344"
"31.41590118408203","31.384483337402344"
"31.41590118408203","31.37820053100586"
"31.41590118408203","31.37820053100586"
"31.41590118408203","31.37820053100586"
"31.41590118408203","31.371917724609375"
"31.41590118408203","31.371917724609375"
"31.41590118408203","31.371917724609375"
"31.41590118408203","31.371917724609375"
"31.41590118408203","31.371917724609375"
"31.41590118408203","31.371917724609375"
"31.41590118408203","31.371917724609375"
"31.41590118408203","31.371917724609375"
"31.41590118408203","31.371917724609375"
"31.41590118408203","31.371917724609375"
"31.41590118408203","31.371917724609375"
"31.41590118408203","31.371917724609375"
"31.41590118408203","31.371917724609375"
"31.41590118408203","31.371917724609375"
"31.41590118408203","31.371917724609375"
"31.41590118408203","31.371917724609375"
"31.41590118408203","31.371917724609375"
"31.41590118408203","31.371917724609375"
"31.41590118408203","31.371917724609375"
"31.41590118408203","31.371917724609375"
"31.41590118408203","31.371917724609375"
"31.41590118408203","31.371917724609375"
"31.41590118408203","31.371917724609375"
"31.41590118408203","31.371917724609375"
"31.41590118408203","31.371917724609375"
"31.41590118408203","31.371917724609375"
"31.41590118408203","31.371917724609375"
"31.41590118408203","31.371917724609375"
"31.41590118408203","31.371917724609375"
"31.41590118408203","31.371917724609375"
"31.41590118408203","31.371917724609375"
"31.41590118408203","31.371917724609375"
"31.41590118408203","31.371917724609375"
"31.41590118408203","31.371917724609375"
"31.41590118408203","31.371917724609375"
"31.41590118408203","31.371917724609375"
"31.41590118408203","31.371917724609375"
"31.41590118408203","31.371917724609375"
"31.41590118408203","31.371917724609375"
"31.41590118408203","31.371917724609375"
"31.41590118408203","31.371917724609375"
"31.41590118408203","31.371917724609375"
"31.41590118408203","31.371917724609375"
"31.41590118408203","31.371917724609375"
"31.41590118408203","31.371917724609375"
"31.41590118408203","31.371917724609375"
"31.41590118408203","31.371917724609375"
"31.41590118408203","31.371917724609375"
"31.41590118408203","31.371917724609375"
"31.41590118408203","31.371917724609375"
"31.41590118408203","31.371917724609375"
"31.41590118408203","31.371917724609375"
"31.41590118408203","31.371917724609375"
"31.41590118408203","31.371917724609375"
"31.41590118408203","31.371917724609375"
"31.41590118408203","31.371917724609375"
"31.41590118408203","31.371917724609375"
"31.41590118408203","31.371917724609375"
"31.41590118408203","31.371917724609375"
"31.41590118408203","31.371917724609375"
"31.41590118408203","31.371917724609375"
"31.41590118408203","31.371917724609375"
"31.41590118408203","31.371917724609375"
"31.41590118408203","31.371917724609375"
"31.41590118408203","31.371917724609375"
"31.41590118408203","31.371917724609375"
"31.41590118408203","31.371917724609375"
"31.41590118408203","31.371917724609375"
"31.41590118408203","31.371917724609375"
"31.41590118408203","31.37820053100586"
"31.41590118408203","31.37820053100586"
"31.41590118408203","31.37820053100586"
"31.41590118408203","31.37820053100586"
"31.41590118408203","31.37820053100586"
"31.41590118408203","31.37820053100586"
"31.41590118408203","31.37820053100586"
"31.41590118408203","31.37820053100586"
"31.41590118408203","31.37820053100586"
"31.41590118408203","31.37820053100586"
"31.41590118408203","31.37820053100586"
"31.41590118408203","31.37820053100586"
"31.41590118408203","31.37820053100586"
"31.41590118408203","31.37820053100586"
"31.41590118408203","31.37820053100586"
"31.41590118408203","31.37820053100586"
"31.41590118408203","31.37820053100586"
"31.41590118408203","31.37820053100586"
"31.41590118408203","31.37820053100586"
"31.41590118408203","31.37820053100586"
"31.41590118408203","31.37820053100586"
"31.41590118408203","31.37820053100586"
"31.41590118408203","31.37820053100586"
"31.41590118408203","31.37820053100586"
"31.41590118408203","31.37820053100586"
"31.41590118408203","31.37820053100586"
"31.41590118408203","31.37820053100586"
"31.41590118408203","31.37820053100586"
"31.41590118408203","31.37820053100586"
"31.41590118408203","31.37820053100586"
"31.41590118408203","31.37820053100586"
"31.41590118408203","31.37820053100586"
"31.41590118408203","31.37820053100586"
"31.41590118408203","31.37820053100586"
"31.41590118408203","31.37820053100586"
"31.41590118408203","31.37820053100586"
"31.41590118408203","31.37820053100586"
"31.41590118408203","31.37820053100586"
"31.41590118408203","31.37820053100586"
"31.41590118408203","31.37820053100586"
"31.41590118408203","31.37820053100586"
"31.41590118408203","31.37820053100586"
"31.41590118408203","31.37820053100586"
"31.41590118408203","31.37820053100586"
"31.41590118408203","31.37820053100586"
"31.41590118408203","31.37820053100586"
"31.41590118408203","31.37820053100586"
"31.41590118408203","31.37820053100586"
"31.41590118408203","31.37820053100586"
"31.41590118408203","31.37820053100586"
"31.41590118408203","31.37820053100586"
"31.41590118408203","31.37820053100586"
"31.41590118408203","31.37820053100586"
"31.41590118408203","31.37820053100586"
"31.41590118408203","31.37820053100586"
"31.41590118408203","31.37820053100586"
"31.41590118408203","31.37820053100586"
"31.41590118408203","31.37820053100586"
"31.41590118408203","31.37820053100586"
"31.41590118408203","31.37820053100586"
"31.41590118408203","31.37820053100586"
"31.41390037536621","31.37820053100586"
"31.407901763916016","31.37820053100586"
"31.39790153503418","31.371917724609375"
"31.383901596069336","31.36563491821289"
"31.365901947021484","31.359352111816406"
"31.343900680541992","31.346786499023438"
"31.317899703979492","31.32793617248535"
"31.287900924682617","31.3090877532959"
"31.2539005279541","31.283954620361328"
"31.215898513793945","31.258821487426758"
"31.173898696899414","31.22112274169922"
"31.127899169921875","31.183422088623047"
"31.077899932861328","31.145723342895508"
"31.023900985717773","31.095458984375"
"30.965898513793945","31.04519271850586"
"30.903898239135742","30.99492645263672"
"30.837900161743164","30.93209457397461"
"30.767900466918945","30.8692626953125"
"30.693897247314453","30.80014991760254"
"30.61589813232422","30.724750518798828"
"30.533899307250977","30.643070220947266"
"30.447900772094727","30.555105209350586"
"30.357900619506836","30.467140197753906"
"30.263896942138672","30.372892379760742"
"30.165897369384766","30.272361755371094"
"30.065898895263672","30.16554832458496"
"29.965900421142578","30.058732986450195"
"29.865901947021484","29.951919555664062"
"29.76589584350586","29.845104217529297"
"29.665897369384766","29.73200798034668"
"29.565898895263672","29.625194549560547"
"29.465900421142578","29.512096405029297"
"29.365896224975586","29.405282974243164"
"29.265897750854492","29.292184829711914"
"29.165897369384766","29.18537139892578"
"29.065898895263672","29.072275161743164"
"28.965900421142578","28.9654598236084"
"28.865896224975586","28.858646392822266"
"28.765897750854492","28.7518310546875"
"28.6658992767334","28.64501953125"
"28.565900802612305","28.538204193115234"
"28.465896606445312","28.43138885498047"
"28.36589813232422","28.324575424194336"
"28.265897750854492","28.21776008605957"
"28.1658992767334","28.117231369018555"
"28.065900802612305","28.010417938232422"
"27.965896606445312","27.90988540649414"
"27.86589813232422","27.803071975708008"
"27.765899658203125","27.702539443969727"
"27.66590118408203","27.60201072692871"
"27.565900802612305","27.495195388793945"
"27.465896606445312","27.394664764404297"
"27.36589813232422","27.29413414001465"
"27.265899658203125","27.193603515625"
"27.16590118408203","27.09307098388672"
"27.065895080566406","26.992542266845703"
"26.965896606445312","26.892011642456055"
"26.86589813232422","26.791479110717773"
"26.765899658203125","26.690948486328125"
"26.66590118408203","26.590417861938477"
"26.565895080566406","26.489887237548828"
"26.465896606445312","26.38935661315918"
"26.36589813232422","26.295108795166016"
"26.265899658203125","26.194576263427734"
"26.16590118408203","26.094045639038086"
"26.06589698791504","25.999799728393555"
"25.965898513793945","25.899269104003906"
"25.86589813232422","25.805021286010742"
"25.765899658203125","25.70448875427246"
"25.665895462036133","25.610240936279297"
"25.56589698791504","25.515993118286133"
"25.465898513793945","25.415464401245117"
"25.36590003967285","25.321216583251953"
"25.265901565551758","25.220684051513672"
"25.165897369384766","25.126436233520508"
"25.065898895263672","25.032188415527344"
"24.965898513793945","24.931659698486328"
"24.86590003967285","24.837411880493164"
"24.76589584350586","24.736879348754883"
"24.665897369384766","24.64263153076172"
"24.565898895263672","24.548383712768555"
"24.465900421142578","24.447853088378906"
"24.365901947021484","24.353607177734375"
"24.26589584350586","24.253074645996094"
"24.165897369384766","24.152544021606445"
"24.065898895263672","24.05829620361328"
"23.965900421142578","23.957765579223633"
"23.865901947021484","23.857234954833984"
"23.76589584350586","23.76298713684082"
"23.665897369384766","23.662456512451172"
"23.565898895263672","23.56192398071289"
"23.465900421142578","23.467676162719727"
"23.365896224975586","23.367145538330078"
"23.26589584350586","23.266616821289062"
"23.165897369384766","23.16608428955078"
"23.065898895263672","23.071836471557617"
"22.965900421142578","22.97130584716797"
"22.865896224975586","22.87077522277832"
"22.765897750854492","22.776527404785156"
"22.6658992767334","22.675996780395508"
"22.565898895263672","22.57546615600586"
"22.465896606445312","22.481218338012695"
"22.365896224975586","22.380685806274414"
"22.265897750854492","22.280155181884766"
"22.1658992767334","22.185909271240234"
"22.065900802612305","22.085378646850586"
"21.965896606445312","21.984846115112305"
"21.86589813232422","21.884315490722656"
"21.765899658203125","21.790067672729492"
"21.6658992767334","21.689538955688477"
"21.565900802612305","21.589006423950195"
"21.465896606445312","21.488475799560547"
"21.36589813232422","21.3879451751709"
"21.265899658203125","21.2936954498291"
"21.16590118408203","21.193164825439453"
"21.065895080566406","21.092636108398438"
"20.965896606445312","20.992103576660156"
"20.86589813232422","20.891572952270508"
"20.765899658203125","20.79104232788086"
"20.66590118408203","20.69051170349121"
"20.565895080566406","20.589981079101562"
"20.465896606445312","20.489450454711914"
"20.36589813232422","20.388919830322266"
"20.265899658203125","20.288387298583984"
"20.16590118408203","20.187856674194336"
"20.06589698791504","20.08732795715332"
"19.965896606445312","19.98679542541504"
"19.86589813232422","19.88626480102539"
"19.765899658203125","19.792016983032227"
"19.665895462036133","19.691484451293945"
"19.56589698791504","19.590953826904297"
"19.465898513793945","19.49042510986328"
"19.36590003967285","19.389894485473633"
"19.265901565551758","19.28936195373535"
"19.165895462036133","19.188831329345703"
"19.06589698791504","19.088300704956055"
"18.965898513793945","18.987770080566406"
"18.86590003967285","18.887239456176758"
"18.76589584350586","18.78670883178711"
"18.665897369384766","18.686176300048828"
"18.565898895263672","18.58564567565918"
"18.465898513793945","18.485116958618164"
"18.36590003967285","18.384584426879883"
"18.26589584350586","18.284053802490234"
"18.165897369384766","18.183523178100586"
"18.065898895263672","18.082990646362305"
"17.965900421142578","17.982460021972656"
"17.865901947021484","17.88193130493164"
"17.76589584350586","17.78139877319336"
"17.665897369384766","17.68086814880371"
"17.565898895263672","17.580337524414062"
"17.465900421142578","17.47980499267578"
"17.365896224975586","17.37299346923828"
"17.26589584350586","17.272462844848633"
"17.165897369384766","17.17193031311035"
"17.065898895263672","17.071399688720703"
"16.965900421142578","16.970869064331055"
"16.865896224975586","16.870338439941406"
"16.765897750854492","16.769807815551758"
"16.6658992767334","16.66927719116211"
"16.565898895263672","16.568744659423828"
"16.46589469909668","16.46821403503418"
"16.365896224975586","16.36768341064453"
"16.265897750854492","16.267152786254883"
"16.1658992767334","16.166622161865234"
"16.065900802612305","16.066091537475586"
"15.965895652770996","15.965559959411621"
"15.865897178649902","15.865029335021973"
"15.765897750854492","15.764498710632324"
"15.665899276733398","15.663968086242676"
"15.565900802612305","15.563437461853027"
"15.465896606445312","15.462905883789062"
"15.365897178649902","15.362375259399414"
"15.265898704528809","15.26812744140625"
"15.165900230407715","15.167595863342285"
"15.065895080566406","15.067066192626953"
"14.965896606445312","14.966534614562988"
"14.865898132324219","14.86600399017334"
"14.765899658203125","14.765473365783691"
"14.665900230407715","14.664941787719727"
"14.565896034240723","14.564411163330078"
"14.465896606445312","14.46388053894043"
"14.365898132324219","14.363348960876465"
"14.265899658203125","14.262819290161133"
"14.165895462036133","14.162287712097168"
"14.065896034240723","14.06175708770752"
"13.965897560119629","13.961226463317871"
"13.865899085998535","13.860694885253906"
"13.765899658203125","13.760164260864258"
"13.665895462036133","13.65963363647461"
"13.565896987915039","13.559102058410645"
"13.465898513793945","13.464855194091797"
"13.365899085998535","13.364323616027832"
"13.265900611877441","13.2637939453125"
"13.165895462036133","13.163262367248535"
"13.065896987915039","13.06273078918457"
"12.965898513793945","12.962201118469238"
"12.865900039672852","12.867952346801758"
"12.765894889831543","12.76742172241211"
"12.66589641571045","12.666891098022461"
"12.565897941589355","12.566359519958496"
"12.465898513793945","12.465829849243164"
"12.365900039672852","12.3652982711792"
"12.26589584350586","12.264766693115234"
"12.165897369384766","12.170519828796387"
"12.065897941589355","12.069989204406738"
"11.965899467468262","11.969457626342773"
"11.865900993347168","11.868927001953125"
"11.76589584350586","11.768396377563477"
"11.665897369384766","11.667864799499512"
"11.565898895263672","11.567334175109863"
"11.465900421142578","11.466803550720215"
"11.36589527130127","11.366272926330566"
"11.265896797180176","11.265741348266602"
"11.165897369384766","11.165210723876953"
"11.065898895263672","11.064680099487305"
"10.965900421142578","10.96414852142334"
"10.865896224975586","10.863617897033691"
"10.765896797180176","10.763087272644043"
"10.665898323059082","10.662555694580078"
"10.565899848937988","10.562026023864746"
"10.46589469909668","10.461494445800781"
"10.365896224975586","10.360963821411133"
"10.265897750854492","10.260433197021484"
"10.165899276733398","10.15990161895752"
"10.065899848937988","10.059370994567871"
"9.965895652770996","9.958840370178223"
"9.865896224975586","9.864592552185059"
"9.765897750854492","9.76406192779541"
"9.665899276733398","9.663530349731445"
"9.565900802612305","9.562999725341797"
"9.465895652770996","9.462469100952148"
"9.365897178649902","9.3619384765625"
"9.265898704528809","9.261406898498535"
"9.165899276733398","9.167160034179688"
"9.065895080566406","9.066628456115723"
"8.965896606445312","8.966097831726074"
"8.865898132324219","8.865567207336426"
"8.765898704528809","8.765035629272461"
"8.665900230407715","8.664505004882812"
"8.565895080566406","8.563974380493164"
"8.465896606445312","8.4634428024292"
"8.365898132324219","8.36291217803955"
"8.265899658203125","8.268664360046387"
"8.165894508361816","8.168133735656738"
"8.065896034240723","8.06760311126709"
"7.965897560119629","7.967072486877441"
"7.865898609161377","7.866541385650635"
"7.765899658203125","7.766010284423828"
"7.665895462036133","7.66547966003418"
"7.565896987915039","7.564949035644531"
"7.465897560119629","7.464417934417725"
"7.365899085998535","7.363886833190918"
"7.265900611877441","7.2633562088012695"
"7.165895462036133","7.162825584411621"
"7.065896987915039","7.062294006347656"
"6.965898513793945","6.96804666519165"
"6.865900039672852","6.867516040802002"
"6.765894889831543","6.766984939575195"
"6.665896415710449","6.666453838348389"
"6.565896987915039","6.56592321395874"
"6.465898513793945","6.465392112731934"
"6.365900039672852","6.364861488342285"
"6.265895843505859","6.270613670349121"
"6.165896415710449","6.1700825691223145"
"6.0658979415893555","6.069551944732666"
"5.965899467468262","5.969020843505859"
"5.865900039672852","5.868490219116211"
"5.765895843505859","5.767959117889404"
"5.665897369384766","5.667428493499756"
"5.565898895263672","5.566897392272949"
"5.465899467468262","5.466366291046143"
"5.3658952713012695","5.365835666656494"
"5.265895843505859","5.265305042266846"
"5.165897369384766","5.164773464202881"
"5.065898895263672","5.064242839813232"
"4.965900421142578","4.963712215423584"
"4.8658952713012695","4.8631815910339355"
"4.765896797180176","4.762650012969971"
"4.665898323059082","4.662119388580322"
"4.565898895263672","4.561588764190674"
"4.46589469909668","4.461057662963867"
"4.365896224975586","4.3605265617370605"
"4.265897750854492","4.259995937347412"
"4.165898323059082","4.159465312957764"
"4.065899848937988","4.0652174949646"
"3.9658946990966797","3.964686632156372"
"3.865896224975586","3.8641555309295654"
"3.765897750854492","3.763624906539917"
"3.6658992767333984","3.6630938053131104"
"3.5659008026123047","3.562563180923462"
"3.465895652770996","3.4620320796966553"
"3.3658971786499023","3.3677845001220703"
"3.265897750854492","3.2672536373138428"
"3.1658992767333984","3.1667227745056152"
"3.0658950805664062","3.0661916732788086"
"2.9658966064453125","2.96566104888916"
"2.8658971786499023","2.8651299476623535"
"2.7658987045288086","2.764599323272705"
"2.665900230407715","2.670351505279541"
"2.5658950805664062","2.5698206424713135"
"2.4658966064453125","2.469289779663086"
"2.3658981323242188","2.3687589168548584"
"2.265899658203125","2.2682278156280518"
"2.1658945083618164","2.1676971912384033"
"2.0658960342407227","2.0671660900115967"
"1.9658966064453125","1.9666353464126587"
"1.8658981323242188","1.8661044836044312"
"1.765899658203125","1.765573501586914"
"1.6658954620361328","1.6650426387786865"
"1.5658960342407227","1.564511775970459"
"1.465897560119629","1.4639809131622314"
"1.3658990859985352","1.363450050354004"
"1.265899658203125","1.2629191875457764"
"1.167310118675232","1.1623882055282593"
"1.0726755857467651","1.0681405067443848"
"0.9820407629013062","0.967609703540802"
"0.8954060077667236","0.8733620047569275"
"0.8127662539482117","0.7791143655776978"
"0.7341314554214478","0.6911498308181763"
"0.659496545791626","0.6094684600830078"
"0.5888615250587463","0.5277870893478394"
"0.5222264528274536","0.4461057782173157"
"0.45958760380744934","0.37699079513549805"
"0.4009525179862976","0.3078758120536804"
"0.3463173508644104","0.2450440227985382"
"0.29568207263946533","0.18849539756774902"
"0.2490440309047699","0.13822995126247406"
"0.2064087688922882","0.08796451985836029"
"0.16777342557907104","0.043982259929180145"
"0.13313795626163483","0.006283179856836796"
"0.10250241309404373","-0.025132719427347183"
"0.07586528360843658","-0.050265438854694366"
"0.05322975292801857","-0.07539816200733185"
"0.03459412232041359","-0.09424769878387451"
"0.019958391785621643","-0.10681405663490295"
"0.009322557598352432","-0.11309724301099777"
"0.002686342690140009","-0.119380421936512"
"5.0540114898467436E-5","-0.119380421936512"
"0.0","-0.11309724301099777"
"0.0","-0.10681405663490295"
"0.0","-0.09424769878387451"
"0.0","-0.08168134093284607"
"0.0","-0.06911497563123703"
"0.0","-0.056548621505498886"
"0.0","-0.043982259929180145"
"0.0","-0.0314159020781517"
"0.0","-0.025132719427347183"
"0.0","-0.012566359713673592"
"0.0","-0.006283179856836796"
"0.0","0.006283179856836796"
"0.0","0.012566359713673592"
"0.0","0.018849540501832962"
"0.0","0.0314159020781517"
"0.0","0.037699081003665924"
"0.0","0.043982259929180145"
"0.0","0.050265438854694366"
"0.0","0.050265438854694366"
"0.0","0.056548621505498886"
"0.0","0.0628318041563034"
"0.0","0.0628318041563034"
"0.0","0.06911497563123703"
"0.0","0.06911497563123703"
"0.0","0.07539816200733185"
"0.0","0.07539816200733185"
"0.0","0.07539816200733185"
"0.0","0.07539816200733185"
"0.0","0.07539816200733185"
"0.0","0.07539816200733185"
"0.0","0.07539816200733185"
"0.0","0.07539816200733185"
"0.0","0.07539816200733185"
"0.0","0.07539816200733185"
"0.0","0.07539816200733185"
"0.0","0.06911497563123703"
"0.0","0.06911497563123703"
"0.0","0.06911497563123703"
"0.0","0.06911497563123703"
"0.0","0.06911497563123703"
"0.0","0.06911497563123703"
"0.0","0.06911497563123703"
"0.0","0.06911497563123703"
"0.0","0.06911497563123703"
"0.0","0.06911497563123703"
"0.0","0.06911497563123703"
"0.0","0.06911497563123703"
"0.0","0.06911497563123703"
"0.0","0.06911497563123703"
"0.0","0.06911497563123703"
"0.0","0.06911497563123703"
"0.0","0.06911497563123703"
"0.0","0.06911497563123703"
"0.0","0.06911497563123703"
"0.0","0.06911497563123703"
"0.0","0.06911497563123703"
"0.0","0.06911497563123703"
"0.0","0.06911497563123703"
"0.0","0.06911497563123703"
"0.0","0.06911497563123703"
"0.0","0.06911497563123703"
"0.0","0.06911497563123703"
"0.0","0.06911497563123703"
"0.0","0.06911497563123703"
"0.0","0.06911497563123703"
"0.0","0.06911497563123703"
"0.0","0.06911497563123703"
"0.0","0.06911497563123703"
"0.0","0.06911497563123703"
"0.0","0.06911497563123703"
"0.0","0.06911497563123703"
"0.0","0.06911497563123703"
"0.0","0.06911497563123703"
"0.0","0.06911497563123703"
"0.0","0.06911497563123703"
"0.0","0.06911497563123703"
"0.0","0.06911497563123703"
"0.0","0.06911497563123703"
"0.0","0.0628318041563034"
"0.0","0.0628318041563034"
"0.0","0.0628318041563034"
"0.0","0.0628318041563034"
"0.0","0.0628318041563034"
"0.0","0.0628318041563034"
"0.0","0.0628318041563034"
"0.0","0.0628318041563034"
"0.0","0.0628318041563034"
"0.0","0.0628318041563034"
"0.0","0.0628318041563034"
"0.0","0.0628318041563034"
"0.0","0.0628318041563034"
"0.0","0.0628318041563034"
"0.0","0.0628318041563034"
"0.0","0.0628318041563034"
"0.0","0.0628318041563034"
"0.0","0.0628318041563034"
"0.0","0.0628318041563034"
"0.0","0.0628318041563034"
"0.0","0.0628318041563034"
"0.0","0.0628318041563034"
"0.0","0.0628318041563034"
"0.0","0.0628318041563034"
"0.0","0.0628318041563034"
"0.0","0.0628318041563034"
"0.0","0.0628318041563034"
"0.0","0.0628318041563034"
"0.0","0.056548621505498886"
"0.0","0.056548621505498886"
"0.0","0.056548621505498886"
"0.0","0.056548621505498886"
"0.0","0.056548621505498886"
"0.0","0.056548621505498886"
"0.0","0.056548621505498886"
"0.0","0.056548621505498886"
"0.0","0.056548621505498886"
"0.0","0.056548621505498886"
"0.0","0.056548621505498886"
"0.0","0.056548621505498886"
"0.0","0.050265438854694366"
"0.0","0.050265438854694366"
"0.0","0.050265438854694366"
"0.0","0.050265438854694366"
"0.0","0.050265438854694366"
"0.0","0.050265438854694366"
"0.0","0.050265438854694366"
"0.0","0.050265438854694366"
"0.0","0.050265438854694366"
"0.0","0.050265438854694366"
"0.0","0.050265438854694366"
"0.0","0.050265438854694366"
"0.0","0.050265438854694366"
"0.0","0.050265438854694366"
"0.0","0.043982259929180145"
"0.0","0.043982259929180145"
"0.0","0.043982259929180145"
"0.0","0.043982259929180145"
"0.0","0.043982259929180145"
"0.0","0.043982259929180145"
"0.0","0.043982259929180145"
"0.0","0.043982259929180145"
"0.0","0.037699081003665924"
"0.0","0.037699081003665924"
"0.0","0.037699081003665924"
"0.0","0.037699081003665924"
"0.0","0.037699081003665924"
"0.0","0.037699081003665924"
"0.0","0.037699081003665924"
"0.0","0.037699081003665924"
"0.0","0.0314159020781517"
"0.0","0.0314159020781517"
"0.0","0.0314159020781517"
"0.0","0.0314159020781517"
"0.0","0.0314159020781517"
"0.0","0.0314159020781517"
"0.0","0.0314159020781517"
"0.0","0.0314159020781517"
"0.0","0.0314159020781517"
"0.0","0.0314159020781517"
"0.0","0.0314159020781517"
"0.0","0.025132719427347183"
"0.0","0.025132719427347183"
"0.002000186825171113","0.025132719427347183"
"0.008000747300684452","0.025132719427347183"
"0.018000252544879913","0.0314159020781517"
"0.032001085579395294","0.037699081003665924"
"0.0499999038875103","0.043982259929180145"
"0.07200101017951965","0.056548621505498886"
"0.09800248593091965","0.07539816200733185"
"0.12800052762031555","0.09424769878387451"
"0.16200226545333862","0.11309724301099777"
"0.1999996155500412","0.14451314508914948"
"0.24200163781642914","0.17592903971672058"
"0.2880040407180786","0.2073449343442917"
"0.3380005955696106","0.2450440227985382"
"0.39200323820114136","0.28902629017829895"
"0.45000630617141724","0.3392917215824127"
"0.5120021104812622","0.3958403468132019"
"0.5780053734779358","0.4523889720439911"
"0.6480004787445068","0.5089375972747803"
"0.7220040559768677","0.5780525803565979"
"0.8000079989433289","0.6471675038337708"
"0.8820023536682129","0.7225657105445862"
"0.9680065512657166","0.8042470216751099"
"1.058000087738037","0.8922115564346313"
"1.1520047187805176","0.9801760911941528"
"1.250009536743164","1.0807069540023804"
"1.3500022888183594","1.1749546527862549"
"1.4500064849853516","1.281768798828125"
"1.5499992370605469","1.3822996616363525"
"1.6500043869018555","1.489113688468933"
"1.750009536743164","1.5959277153015137"
"1.8500022888183594","1.7027417421340942"
"1.9500064849853516","1.8095558881759644"
"2.049999237060547","1.916369915008545"
"2.150003433227539","2.023184061050415"
"2.2500085830688477","2.129997968673706"
"2.350001335144043","2.236812114715576"
"2.4500064849853516","2.343626022338867"
"2.5500106811523438","2.4504401683807373"
"2.650003433227539","2.5572543144226074"
"2.7500076293945312","2.6640682220458984"
"2.8500003814697266","2.7708823680877686"
"2.950005531311035","2.8776965141296387"
"3.0500106811523438","2.9845104217529297"
"3.150003433227539","3.0913245677948"
"3.2500076293945312","3.198138475418091"
"3.3500003814697266","3.2986695766448975"
"3.4500045776367188","3.4054834842681885"
"3.5500097274780273","3.5122976303100586"
"3.6500024795532227","3.6191117763519287"
"3.7500076293945312","3.719642400741577"
"3.8500003814697266","3.8264567852020264"
"3.9500045776367188","3.9332706928253174"
"4.050008773803711","4.033801555633545"
"4.150001525878906","4.140615463256836"
"4.250006675720215","4.241146087646484"
"4.34999942779541","4.347960472106934"
"4.450004577636719","4.454774856567383"
"4.550008773803711","4.555305480957031"
"4.650001525878906","4.662119388580322"
"4.750005722045898","4.762650012969971"
"4.850010871887207","4.8631815910339355"
"4.950003623962402","4.969995498657227"
"5.050008773803711","5.070526123046875"
"5.150001525878906","5.171056747436523"
"5.250005722045898","5.271588325500488"
"5.350009918212891","5.372118949890137"
"5.450002670288086","5.472649574279785"
"5.5500078201293945","5.573180198669434"
"5.65000057220459","5.673711776733398"
"5.750005722045898","5.774242401123047"
"5.850009918212891","5.874773025512695"
"5.950002670288086","5.975304126739502"
"6.050006866455078","6.069551944732666"
"6.149999618530273","6.1700825691223145"
"6.250004768371582","6.270613670349121"
"6.350009918212891","6.364861488342285"
"6.450002670288086","6.465392112731934"
"6.550006866455078","6.56592321395874"
"6.649999618530273","6.666453838348389"
"6.750003814697266","6.760702133178711"
"6.850008964538574","6.861232757568359"
"6.9500017166137695","6.961763381958008"
"7.050006866455078","7.062294006347656"
"7.15001106262207","7.1565423011779785"
"7.250003814697266","7.257072925567627"
"7.350008010864258","7.357603549957275"
"7.450000762939453","7.458134651184082"
"7.550005912780762","7.558665752410889"
"7.65001106262207","7.652913570404053"
"7.750003337860107","7.753444194793701"
"7.850008010864258","7.85397481918335"
"7.950000762939453","7.954505920410156"
"8.050004959106445","8.055036544799805"
"8.150010108947754","8.155567169189453"
"8.25000286102295","8.249814987182617"
"8.350008010864258","8.350346565246582"
"8.450000762939453","8.450876235961914"
"8.550004959106445","8.551407814025879"
"8.650009155273438","8.645655632019043"
"8.750001907348633","8.746186256408691"
"8.850007057189941","8.84671688079834"
"8.949999809265137","8.94096565246582"
"9.050004959106445","9.041495323181152"
"9.150009155273438","9.142026901245117"
"9.250001907348633","9.236274719238281"
"9.350006103515625","9.33680534362793"
"9.44999885559082","9.431053161621094"
"9.550004005432129","9.531583786010742"
"9.650009155273438","9.63211441040039"
"9.750001907348633","9.732645988464355"
"9.850006103515625","9.826892852783203"
"9.950010299682617","9.927424430847168"
"10.050003051757812","10.027956008911133"
"10.150008201599121","10.128485679626465"
"10.250000953674316","10.22901725769043"
"10.350006103515625","10.329546928405762"
"10.450010299682617","10.430078506469727"
"10.550003051757812","10.530610084533691"
"10.650007247924805","10.624856948852539"
"10.75","10.725388526916504"
"10.850005149841309","10.825919151306152"
"10.950010299682617","10.9264497756958"
"11.050003051757812","11.026981353759766"
"11.150007247924805","11.127511024475098"
"11.25","11.228042602539062"
"11.350004196166992","11.328574180603027"
"11.4500093460083","11.42910385131836"
"11.550002098083496","11.529635429382324"
"11.650007247924805","11.630166053771973"
"11.75","11.724413871765137"
"11.850004196166992","11.824944496154785"
"11.950008392333984","11.92547607421875"
"12.05000114440918","12.026006698608398"
"12.150006294250488","12.126537322998047"
"12.250011444091797","12.220785140991211"
"12.350004196166992","12.32131576538086"
"12.450008392333984","12.421847343444824"
"12.55000114440918","12.522377014160156"
"12.650005340576172","12.616625785827637"
"12.75001049041748","12.717156410217285"
"12.850003242492676","12.817687034606934"
"12.950008392333984","12.918218612670898"
"13.05000114440918","13.01874828338623"
"13.150005340576172","13.119279861450195"
"13.250009536743164","13.21981143951416"
"13.35000228881836","13.320341110229492"
"13.450007438659668","13.420872688293457"
"13.550000190734863","13.521404266357422"
"13.650005340576172","13.621933937072754"
"13.750009536743164","13.722465515136719"
"13.85000228881836","13.82299518585205"
"13.950006484985352","13.923526763916016"
"14.049999237060547","14.02405834197998"
"14.150004386901855","14.124588012695312"
"14.250009536743164","14.231402397155762"
"14.35000228881836","14.331933975219727"
"14.450006484985352","14.432464599609375"
"14.550010681152344","14.532995223999023"
"14.650003433227539","14.633525848388672"
"14.750008583068848","14.734057426452637"
"14.850001335144043","14.834588050842285"
"14.950006484985352","14.935118675231934"
"15.050010681152344","15.035650253295898"
"15.150003433227539","15.136180877685547"
"15.250007629394531","15.236711502075195"
"15.350000381469727","15.33724308013916"
"15.450005531311035","15.437772750854492"
"15.550010681152344","15.538304328918457"
"15.650003433227539","15.638835906982422"
"15.750007629394531","15.739365577697754"
"15.850000381469727","15.839897155761719"
"15.950004577636719","15.940427780151367"
"16.050010681152344","16.040958404541016"
"16.150001525878906","16.141489028930664"
"16.25000762939453","16.242019653320312"
"16.350000381469727","16.342552185058594"
"16.45000457763672","16.44308090209961"
"16.55000877380371","16.543611526489258"
"16.650001525878906","16.650426864624023"
"16.75000762939453","16.750957489013672"
"16.850011825561523","16.851490020751953"
"16.95000457763672","16.95201873779297"
"17.05000877380371","17.052549362182617"
"17.150001525878906","17.1530818939209"
"17.2500057220459","17.253612518310547"
"17.35000991821289","17.354143142700195"
"17.45000457763672","17.454673767089844"
"17.55000877380371","17.555204391479492"
"17.650001525878906","17.65573501586914"
"17.7500057220459","17.756267547607422"
"17.85000991821289","17.85679817199707"
"17.950002670288086","17.95732879638672"
"18.050006866455078","18.057857513427734"
"18.150001525878906","18.158390045166016"
"18.2500057220459","18.258920669555664"
"18.35000991821289","18.353168487548828"
"18.450002670288086","18.45370101928711"
"18.550006866455078","18.554229736328125"
"18.649999618530273","18.64847755432129"
"18.750003814697266","18.749008178710938"
"18.85000991821289","18.84954071044922"
"18.950002670288086","18.950071334838867"
"19.050006866455078","19.0443172454834"
"19.15001106262207","19.144847869873047"
"19.250003814697266","19.245380401611328"
"19.35000991821289","19.345911026000977"
"19.450000762939453","19.446441650390625"
"19.550006866455078","19.540691375732422"
"19.65001106262207","19.641220092773438"
"19.750003814697266","19.741750717163086"
"19.850008010864258","19.842281341552734"
"19.950000762939453","19.942813873291016"
"20.050006866455078","20.043344497680664"
"20.15001106262207","20.14387321472168"
"20.250003814697266","20.24440574645996"
"20.350008010864258","20.34493637084961"
"20.450000762939453","20.445466995239258"
"20.550004959106445","20.54599952697754"
"20.650009155273438","20.646528244018555"
"20.750003814697266","20.747058868408203"
"20.850008010864258","20.847591400146484"
"20.950000762939453","20.948122024536133"
"21.050004959106445","21.04865264892578"
"21.150009155273438","21.149185180664062"
"21.250001907348633","21.249713897705078"
"21.350006103515625","21.350244522094727"
"21.45001220703125","21.450777053833008"
"21.550004959106445","21.551307678222656"
"21.650009155273438","21.651838302612305"
"21.750001907348633","21.752368927001953"
"21.850006103515625","21.8528995513916"
"21.95001220703125","21.95343017578125"
"22.050003051757812","22.047677993774414"
"22.150009155273438","22.148210525512695"
"22.250001907348633","22.248741149902344"
"22.350006103515625","22.34926986694336"
"22.450010299682617","22.44980239868164"
"22.550003051757812","22.55033302307129"
"22.650009155273438","22.650863647460938"
"22.75","22.75139617919922"
"22.850006103515625","22.851924896240234"
"22.950010299682617","22.952455520629883"
"23.050003051757812","23.052988052368164"
"23.150007247924805","23.153518676757812"
"23.25","23.25404930114746"
"23.350006103515625","23.35457992553711"
"23.450010299682617","23.455110549926758"
"23.550003051757812","23.555641174316406"
"23.650007247924805","23.656173706054688"
"23.75","23.756704330444336"
"23.850004196166992","23.857234954833984"
"23.950008392333984","23.957765579223633"
"24.050003051757812","24.05829620361328"
"24.150007247924805","24.15882682800293"
"24.250011444091797","24.25935935974121"
"24.350004196166992","24.35988998413086"
"24.450008392333984","24.45413589477539"
"24.55000114440918","24.55466651916504"
"24.650005340576172","24.65519905090332"
"24.750011444091797","24.75572967529297"
"24.850004196166992","24.849977493286133"
"24.950008392333984","24.95050621032715"
"25.05000114440918","25.05103874206543"
"25.150005340576172","25.145286560058594"
"25.250011444091797","25.245817184448242"
"25.35000228881836","25.34634780883789"
"25.450008392333984","25.440597534179688"
"25.55000114440918","25.541126251220703"
"25.650005340576172","25.64165687561035"
"25.750009536743164","25.742189407348633"
"25.85000228881836","25.84272003173828"
"25.950008392333984","25.94325065612793"
"26.049999237060547","26.043779373168945"
"26.150005340576172","26.138029098510742"
"26.250009536743164","26.23855972290039"
"26.35000228881836","26.33909034729004"
"26.45000648498535","26.43962287902832"
"26.550010681152344","26.540151596069336"
"26.650005340576172","26.64696502685547"
"26.750009536743164","26.74749755859375"
"26.85000228881836","26.8480281829834"
"26.95000648498535","26.948558807373047"
"27.050010681152344","27.049091339111328"
"27.15000343322754","27.149620056152344"
"27.25000762939453","27.250150680541992"
"27.35000228881836","27.350683212280273"
"27.45000648498535","27.444931030273438"
"27.550010681152344","27.545461654663086"
"27.65000343322754","27.6459903717041"
"27.75000762939453","27.746522903442383"
"27.850000381469727","27.84705352783203"
"27.95000457763672","27.94758415222168"
"28.050010681152344","28.04811668395996"
"28.15000343322754","28.14864730834961"
"28.25000762939453","28.249176025390625"
"28.350000381469727","28.343425750732422"
"28.45000457763672","28.44395637512207"
"28.550010681152344","28.54448699951172"
"28.650001525878906","28.64501953125"
"28.75000762939453","28.745548248291016"
"28.850011825561523","28.846078872680664"
"28.95000457763672","28.946609497070312"
"29.05000877380371","29.047142028808594"
"29.150001525878906","29.147672653198242"
"29.25000762939453","29.248201370239258"
"29.350011825561523","29.34873390197754"
"29.45000457763672","29.449264526367188"
"29.55000877380371","29.549795150756836"
"29.650001525878906","29.6566104888916"
"29.7500057220459","29.757139205932617"
"29.85000991821289","29.8576717376709"
"29.95000457763672","29.958202362060547"
"30.05000877380371","30.058732986450195"
"30.150001525878906","30.159265518188477"
"30.24859046936035","30.259796142578125"
"30.343231201171875","30.354042053222656"
"30.433860778808594","30.454572677612305"
"30.52050018310547","30.54882049560547"
"30.603130340576172","30.643070220947266"
"30.68177032470703","30.731033325195312"
"30.75640869140625","30.818998336791992"
"30.82703971862793","30.900678634643555"
"30.893678665161133","30.976078033447266"
"30.956317901611328","31.051475524902344"
"31.01494789123535","31.120590209960938"
"31.06958770751953","31.189706802368164"
"31.12021827697754","31.252538681030273"
"31.16685676574707","31.3090877532959"
"31.209495544433594","31.359352111816406"
"31.248126983642578","31.409616470336914"
"31.282764434814453","31.453598022460938"
"31.313398361206055","31.49129867553711"
"31.340036392211914","31.522714614868164"
"31.362672805786133","31.55413055419922"
"31.38130760192871","31.572978973388672"
"31.39594268798828","31.591829299926758"
"31.406578063964844","31.604394912719727"
"31.41321563720703","31.610679626464844"
"31.415851593017578","31.610679626464844"
"31.41590118408203","31.610679626464844"
"31.41590118408203","31.604394912719727"
"31.41590118408203","31.591829299926758"
"31.41590118408203","31.579261779785156"
"31.41590118408203","31.566696166992188"
"31.41590118408203","31.55413055419922"
"31.41590118408203","31.541563034057617"
"31.41590118408203","31.52899742126465"
"31.41590118408203","31.516429901123047"
"31.41590118408203","31.503864288330078"
"31.41590118408203","31.49129867553711"
"31.41590118408203","31.478731155395508"
"31.41590118408203","31.46616554260254"
"31.41590118408203","31.459882736206055"
"31.41590118408203","31.447315216064453"
"31.41590118408203","31.44103240966797"
"31.41590118408203","31.428466796875"
"31.41590118408203","31.422182083129883"
"31.41590118408203","31.4158992767334"
"31.41590118408203","31.409616470336914"
"31.41590118408203","31.40333366394043"
"31.41590118408203","31.397048950195312"
"31.41590118408203","31.390766143798828"
"31.41590118408203","31.384483337402344"
"31.41590118408203","31.384483337402344"
"31.41590118408203","31.37820053100586"
"31.41590118408203","31.37820053100586"
"31.41590118408203","31.371917724609375"
"31.41590118408203","31.371917724609375"
"31.41590118408203","31.371917724609375"
"31.41590118408203","31.36563491821289"
"31.41590118408203","31.36563491821289"
"31.41590118408203","31.36563491821289"
"31.41590118408203","31.36563491821289"
"31.41590118408203","31.36563491821289"
"31.41590118408203","31.36563491821289"
"31.41590118408203","31.36563491821289"
"31.41590118408203","31.36563491821289"
"31.41590118408203","31.36563491821289"
"31.41590118408203","31.36563491821289"
"31.41590118408203","31.36563491821289"
"31.41590118408203","31.36563491821289"
"31.41590118408203","31.371917724609375"
"31.41590118408203","31.371917724609375"
"31.41590118408203","31.371917724609375"
"31.41590118408203","31.371917724609375"
"31.41590118408203","31.371917724609375"
"31.41590118408203","31.371917724609375"
"31.41590118408203","31.371917724609375"
"31.41590118408203","31.371917724609375"
"31.41590118408203","31.371917724609375"
"31.41590118408203","31.371917724609375"
"31.41590118408203","31.371917724609375"
"31.41590118408203","31.371917724609375"
"31.41590118408203","31.371917724609375"
"31.41590118408203","31.371917724609375"
"31.41590118408203","31.371917724609375"
"31.41590118408203","31.371917724609375"
"31.41590118408203","31.371917724609375"
"31.41590118408203","31.371917724609375"
"31.41590118408203","31.371917724609375"
"31.41590118408203","31.371917724609375"
"31.41590118408203","31.371917724609375"
"31.41590118408203","31.371917724609375"
"31.41590118408203","31.371917724609375"
"31.41590118408203","31.371917724609375"
"31.41590118408203","31.371917724609375"
"31.41590118408203","31.371917724609375"
"31.41590118408203","31.371917724609375"
"31.41590118408203","31.371917724609375"
"31.41590118408203","31.371917724609375"
"31.41590118408203","31.371917724609375"
"31.41590118408203","31.371917724609375"
"31.41590118408203","31.371917724609375"
"31.41590118408203","31.371917724609375"
"31.41590118408203","31.371917724609375"
"31.41590118408203","31.371917724609375"
"31.41590118408203","31.371917724609375"
"31.41590118408203","31.371917724609375"
"31.41590118408203","31.371917724609375"
"31.41590118408203","31.371917724609375"
"31.41590118408203","31.371917724609375"
"31.41590118408203","31.371917724609375"
"31.41590118408203","31.371917724609375"
"31.41590118408203","31.371917724609375"
"31.41590118408203","31.371917724609375"
"31.41590118408203","31.371917724609375"
"31.41590118408203","31.371917724609375"
"31.41590118408203","31.371917724609375"
"31.41590118408203","31.371917724609375"
"31.41590118408203","31.371917724609375"
"31.41590118408203","31.371917724609375"
"31.41590118408203","31.371917724609375"
"31.41590118408203","31.371917724609375"
"31.41590118408203","31.371917724609375"
"31.41590118408203","31.371917724609375"
"31.41590118408203","31.371917724609375"
"31.41590118408203","31.371917724609375"
"31.41590118408203","31.371917724609375"
"31.41590118408203","31.371917724609375"
"31.41590118408203","31.371917724609375"
"31.41590118408203","31.371917724609375"
"31.41590118408203","31.371917724609375"
"31.41590118408203","31.371917724609375"
"31.41590118408203","31.371917724609375"
"31.41590118408203","31.371917724609375"
"31.41590118408203","31.371917724609375"
"31.41590118408203","31.371917724609375"
"31.41590118408203","31.371917724609375"
"31.41590118408203","31.371917724609375"
"31.41590118408203","31.371917724609375"
"31.41590118408203","31.371917724609375"
"31.41590118408203","31.371917724609375"
"31.41590118408203","31.371917724609375"
"31.41590118408203","31.371917724609375"
"31.41590118408203","31.371917724609375"
"31.41590118408203","31.371917724609375"
"31.41590118408203","31.371917724609375"
"31.41590118408203","31.371917724609375"
"31.41590118408203","31.371917724609375"
"31.41590118408203","31.371917724609375"
"31.41590118408203","31.371917724609375"
"31.41590118408203","31.371917724609375"
"31.41590118408203","31.371917724609375"
"31.41590118408203","31.371917724609375"
"31.41590118408203","31.371917724609375"
"31.41590118408203","31.371917724609375"
"31.41590118408203","31.371917724609375"
"31.41590118408203","31.371917724609375"
"31.41590118408203","31.371917724609375"
"31.41590118408203","31.371917724609375"
"31.41590118408203","31.371917724609375"
"31.41590118408203","31.371917724609375"
"31.41590118408203","31.371917724609375"
"31.41590118408203","31.371917724609375"
"31.41590118408203","31.371917724609375"
"31.41590118408203","31.371917724609375"
"31.41590118408203","31.371917724609375"
"31.41590118408203","31.371917724609375"
"31.41590118408203","31.371917724609375"
"31.41590118408203","31.371917724609375"
"31.41590118408203","31.371917724609375"
"31.41590118408203","31.371917724609375"
"31.41590118408203","31.371917724609375"
"31.41590118408203","31.371917724609375"
"31.41590118408203","31.371917724609375"
"31.41590118408203","31.371917724609375"
"31.41590118408203","31.371917724609375"
"31.41590118408203","31.371917724609375"
"31.41590118408203","31.371917724609375"
"31.41590118408203","31.371917724609375"
"31.41590118408203","31.371917724609375"
"31.41590118408203","31.371917724609375"
"31.41590118408203","31.371917724609375"
"31.41590118408203","31.371917724609375"
"31.41590118408203","31.371917724609375"
"31.41590118408203","31.371917724609375"
"31.41590118408203","31.371917724609375"
"31.41590118408203","31.371917724609375"
"31.41590118408203","31.371917724609375"
"31.41590118408203","31.371917724609375"
"31.41390037536621","31.371917724609375"
"31.407899856567383","31.371917724609375"
"31.39790153503418","31.36563491821289"
"31.383899688720703","31.359352111816406"
"31.36589813232422","31.353069305419922"
"31.343900680541992","31.340503692626953"
"31.31789779663086","31.321653366088867"
"31.287900924682617","31.30280303955078"
"31.25389862060547","31.283954620361328"
"31.215896606445312","31.252538681030273"
"31.173898696899414","31.22112274169922"
"31.127897262573242","31.183422088623047"
"31.07789421081543","31.145723342895508"
"31.023897171020508","31.095458984375"
"30.96589469909668","31.04519271850586"
"30.903898239135742","30.99492645263672"
"30.8378963470459","30.93209457397461"
"30.767892837524414","30.8692626953125"
"30.693897247314453","30.80014991760254"
"30.61589241027832","30.724750518798828"
"30.533899307250977","30.643070220947266"
"30.447895050048828","30.56138801574707"
"30.35788917541504","30.467140197753906"
"30.263896942138672","30.372892379760742"
"30.165891647338867","30.272361755371094"
"30.065898895263672","30.171831130981445"
"29.96589469909668","30.06501579284668"
"29.865890502929688","29.958202362060547"
"29.76589584350586","29.845104217529297"
"29.665891647338867","29.738292694091797"
"29.565898895263672","29.625194549560547"
"29.46589469909668","29.51837921142578"
"29.365890502929688","29.405282974243164"
"29.265897750854492","29.2984676361084"
"29.1658935546875","29.1916561126709"
"29.065898895263672","29.07855796813965"
"28.96589469909668","28.971742630004883"
"28.865890502929688","28.86492919921875"
"28.765897750854492","28.758113861083984"
"28.6658935546875","28.651302337646484"
"28.565887451171875","28.54448699951172"
"28.465896606445312","28.437673568725586"
"28.365890502929688","28.33085823059082"
"28.265897750854492","28.224044799804688"
"28.1658935546875","28.12351417541504"
"28.065889358520508","28.016700744628906"
"27.965896606445312","27.916168212890625"
"27.865890502929688","27.809354782104492"
"27.765899658203125","27.708824157714844"
"27.6658935546875","27.60201072692871"
"27.565889358520508","27.501480102539062"
"27.465896606445312","27.40094757080078"
"27.36589241027832","27.300416946411133"
"27.265899658203125","27.199886322021484"
"27.1658935546875","27.09307098388672"
"27.065889358520508","26.992542266845703"
"26.965896606445312","26.892011642456055"
"26.86589241027832","26.791479110717773"
"26.765899658203125","26.690948486328125"
"26.665895462036133","26.59670066833496"
"26.56589126586914","26.496170043945312"
"26.465896606445312","26.395639419555664"
"26.36589241027832","26.295108795166016"
"26.265888214111328","26.20086097717285"
"26.165895462036133","26.10032844543457"
"26.06589126586914","25.999799728393555"
"25.965898513793945","25.90555191040039"
"25.865894317626953","25.811304092407227"
"25.765888214111328","25.710771560668945"
"25.665895462036133","25.61652374267578"
"25.56589126586914","25.515993118286133"
"25.465898513793945","25.4217472076416"
"25.365894317626953","25.327499389648438"
"25.265888214111328","25.226966857910156"
"25.165897369384766","25.132719039916992"
"25.06589126586914","25.032188415527344"
"24.965898513793945","24.93794059753418"
"24.865894317626953","24.84369468688965"
"24.76589012145996","24.7431640625"
"24.665897369384766","24.648914337158203"
"24.56589126586914","24.548383712768555"
"24.465900421142578","24.45413589477539"
"24.365894317626953","24.353607177734375"
"24.26589012145996","24.25935935974121"
"24.165897369384766","24.15882682800293"
"24.065893173217773","24.05829620361328"
"23.96588897705078","23.964048385620117"
"23.865894317626953","23.863515853881836"
"23.76589012145996","23.76298713684082"
"23.665897369384766","23.662456512451172"
"23.565893173217773","23.568208694458008"
"23.46588897705078","23.467676162719727"
"23.365896224975586","23.367145538330078"
"23.265892028808594","23.266616821289062"
"23.165897369384766","23.16608428955078"
"23.065893173217773","23.071836471557617"
"22.96588897705078","22.97130584716797"
"22.865896224975586","22.87077522277832"
"22.765892028808594","22.770244598388672"
"22.6658992767334","22.675996780395508"
"22.565895080566406","22.57546615600586"
"22.46588897705078","22.47493553161621"
"22.365896224975586","22.380685806274414"
"22.265892028808594","22.280155181884766"
"22.1658992767334","22.17962646484375"
"22.065895080566406","22.07909393310547"
"21.96588897705078","21.984846115112305"
"21.86589813232422","21.884315490722656"
"21.765892028808594","21.783784866333008"
"21.6658878326416","21.68325424194336"
"21.565895080566406","21.58272361755371"
"21.465890884399414","21.488475799560547"
"21.36589813232422","21.3879451751709"
"21.265892028808594","21.287412643432617"
"21.1658878326416","21.18688201904297"
"21.065895080566406","21.086353302001953"
"20.965890884399414","20.985820770263672"
"20.86589813232422","20.885290145874023"
"20.765893936157227","20.784759521484375"
"20.665889739990234","20.69051170349121"
"20.565895080566406","20.589981079101562"
"20.465890884399414","20.489450454711914"
"20.36589813232422","20.388919830322266"
"20.265893936157227","20.288387298583984"
"20.165889739990234","20.187856674194336"
"20.06589698791504","20.08732795715332"
"19.965892791748047","19.98679542541504"
"19.86589813232422","19.88626480102539"
"19.765893936157227","19.785734176635742"
"19.665889739990234","19.68520164489746"
"19.56589698791504","19.584671020507812"
"19.465892791748047","19.49042510986328"
"19.365886688232422","19.389894485473633"
"19.26589584350586","19.28936195373535"
"19.165889739990234","19.188831329345703"
"19.06589698791504","19.088300704956055"
"18.965892791748047","18.987770080566406"
"18.865888595581055","18.887239456176758"
"18.76589584350586","18.78670883178711"
"18.665889739990234","18.686176300048828"
"18.565898895263672","18.591928482055664"
"18.465892791748047","18.49139976501465"
"18.365888595581055","18.390869140625"
"18.26589584350586","18.29033660888672"
"18.165891647338867","18.18980598449707"
"18.065898895263672","18.089275360107422"
"17.965892791748047","17.982460021972656"
"17.865888595581055","17.88193130493164"
"17.76589584350586","17.78139877319336"
"17.665891647338867","17.68086814880371"
"17.565898895263672","17.580337524414062"
"17.46589469909668","17.47980499267578"
"17.365890502929688","17.379276275634766"
"17.26589584350586","17.272462844848633"
"17.165891647338867","17.17193031311035"
"17.065887451171875","17.071399688720703"
"16.96589469909668","16.970869064331055"
"16.865890502929688","16.870338439941406"
"16.765897750854492","16.769807815551758"
"16.6658935546875","16.66927719116211"
"16.565887451171875","16.568744659423828"
"16.46589469909668","16.46821403503418"
"16.365890502929688","16.36768341064453"
"16.265897750854492","16.267152786254883"
"16.1658935546875","16.166622161865234"
"16.065887451171875","16.066091537475586"
"15.965895652770996","15.965559959411621"
"15.865890502929688","15.865029335021973"
"15.765897750854492","15.764498710632324"
"15.6658935546875","15.663968086242676"
"15.565889358520508","15.563437461853027"
"15.465896606445312","15.462905883789062"
"15.365891456604004","15.362375259399414"
"15.265898704528809","15.261844635009766"
"15.1658935546875","15.1613130569458"
"15.065889358520508","15.060782432556152"
"14.965896606445312","14.960251808166504"
"14.86589241027832","14.86600399017334"
"14.765887260437012","14.765473365783691"
"14.665894508361816","14.664941787719727"
"14.565889358520508","14.564411163330078"
"14.465896606445312","14.46388053894043"
"14.36589241027832","14.363348960876465"
"14.265888214111328","14.262819290161133"
"14.165895462036133","14.162287712097168"
"14.065890312194824","14.06175708770752"
"13.965897560119629","13.961226463317871"
"13.86589241027832","13.860694885253906"
"13.765888214111328","13.760164260864258"
"13.665895462036133","13.65963363647461"
"13.56589126586914","13.559102058410645"
"13.465898513793945","13.464855194091797"
"13.365893363952637","13.364323616027832"
"13.265888214111328","13.2637939453125"
"13.165895462036133","13.163262367248535"
"13.06589126586914","13.069014549255371"
"12.965898513793945","12.968483924865723"
"12.865894317626953","12.867952346801758"
"12.765889167785645","12.76742172241211"
"12.66589641571045","12.666891098022461"
"12.56589126586914","12.572643280029297"
"12.465898513793945","12.472111701965332"
"12.365894317626953","12.37158203125"
"12.265890121459961","12.271050453186035"
"12.165897369384766","12.170519828796387"
"12.065892219543457","12.069989204406738"
"11.965887069702148","11.969457626342773"
"11.865894317626953","11.875210762023926"
"11.765890121459961","11.774679183959961"
"11.665897369384766","11.674147605895996"
"11.565893173217773","11.573617935180664"
"11.465888023376465","11.4730863571167"
"11.36589527130127","11.37255573272705"
"11.265890121459961","11.272025108337402"
"11.165897369384766","11.171493530273438"
"11.065893173217773","11.064680099487305"
"10.965888977050781","10.96414852142334"
"10.865896224975586","10.863617897033691"
"10.765891075134277","10.763087272644043"
"10.665898323059082","10.662555694580078"
"10.565893173217773","10.562026023864746"
"10.465888977050781","10.461494445800781"
"10.365896224975586","10.360963821411133"
"10.265892028808594","10.260433197021484"
"10.165899276733398","10.16618537902832"
"10.06589412689209","10.065653800964355"
"9.965888977050781","9.965123176574707"
"9.865896224975586","9.864592552185059"
"9.765892028808594","9.76406192779541"
"9.665887832641602","9.663530349731445"
"9.565895080566406","9.562999725341797"
"9.465889930725098","9.462469100952148"
"9.365897178649902","9.3619384765625"
"9.265892028808594","9.261406898498535"
"9.165887832641602","9.167160034179688"
"9.065895080566406","9.066628456115723"
"8.965890884399414","8.966097831726074"
"8.865898132324219","8.865567207336426"
"8.76589298248291","8.765035629272461"
"8.665887832641602","8.664505004882812"
"8.565895080566406","8.563974380493164"
"8.465890884399414","8.4634428024292"
"8.365898132324219","8.36291217803955"
"8.265893936157227","8.262381553649902"
"8.165888786315918","8.161850929260254"
"8.065896034240723","8.06760311126709"
"7.965891361236572","7.967072486877441"
"7.865898609161377","7.866541385650635"
"7.765893936157227","7.766010284423828"
"7.665889739990234","7.66547966003418"
"7.565896987915039","7.564949035644531"
"7.4658918380737305","7.464417934417725"
"7.365886688232422","7.363886833190918"
"7.265893936157227","7.2633562088012695"
"7.165889739990234","7.162825584411621"
"7.065896987915039","7.062294006347656"
"6.965892791748047","6.96804666519165"
"6.865887641906738","6.867516040802002"
"6.765894889831543","6.766984939575195"
"6.665889739990234","6.666453838348389"
"6.565896987915039","6.56592321395874"
"6.465892791748047","6.471675395965576"
"6.365888595581055","6.3711442947387695"
"6.265895843505859","6.270613670349121"
"6.165890693664551","6.1700825691223145"
"6.0658979415893555","6.069551944732666"
"5.965892791748047","5.975304126739502"
"5.865888595581055","5.874773025512695"
"5.765895843505859","5.774242401123047"
"5.665891647338867","5.673711776733398"
"5.565898895263672","5.573180198669434"
"5.465893745422363","5.472649574279785"
"5.365888595581055","5.372118949890137"
"5.265895843505859","5.271588325500488"
"5.165891647338867","5.171056747436523"
"5.065887451171875","5.070526123046875"
"4.96589469909668","4.969995498657227"
"4.865889549255371","4.86946439743042"
"4.765896797180176","4.768933296203613"
"4.665891647338867","4.668402671813965"
"4.565887451171875","4.567872047424316"
"4.46589469909668","4.46734094619751"
"4.3658905029296875","4.3605265617370605"
"4.265897750854492","4.259995937347412"
"4.165892601013184","4.159465312957764"
"4.065887451171875","4.0652174949646"
"3.9658946990966797","3.964686632156372"
"3.8658905029296875","3.8641555309295654"
"3.765897750854492","3.763624906539917"
"3.6658935546875","3.6630938053131104"
"3.5658884048461914","3.562563180923462"
"3.465895652770996","3.4620320796966553"
"3.3658905029296875","3.361501455307007"
"3.265897750854492","3.2609703540802"
"3.1658935546875","3.1604394912719727"
"3.065889358520508","3.059908628463745"
"2.9658966064453125","2.96566104888916"
"2.865891456604004","2.8651299476623535"
"2.7658863067626953","2.764599323272705"
"2.6658935546875","2.6640682220458984"
"2.565889358520508","2.56353759765625"
"2.4658966064453125","2.4630064964294434"
"2.3658924102783203","2.362475633621216"
"2.2658872604370117","2.2619447708129883"
"2.1658945083618164","2.1614139080047607"
"2.065889358520508","2.060883045196533"
"1.9658966064453125","1.9603521823883057"
"1.8658924102783203","1.8661044836044312"
"1.7658882141113281","1.765573501586914"
"1.6658954620361328","1.6650426387786865"
"1.5658903121948242","1.564511775970459"
"1.465897560119629","1.4639809131622314"
"1.3658924102783203","1.363450050354004"
"1.2658882141113281","1.2629191875457764"
"1.167310118675232","1.1623882055282593"
"1.0726699829101562","1.0618573427200317"
"0.9820407629013062","0.967609703540802"
"0.8954009413719177","0.8670788407325745"
"0.8127614259719849","0.7791143655776978"
"0.7341314554214478","0.6911498308181763"
"0.6594921946525574","0.6031852960586548"
"0.5888533592224121","0.5215039253234863"
"0.5222225785255432","0.4461057782173157"
"0.45958399772644043","0.37699079513549805"
"0.4009525179862976","0.3078758120536804"
"0.3463142216205597","0.2450440227985382"
"0.29567626118659973","0.18849539756774902"
"0.2490440309047699","0.13822995126247406"
"0.2064063549041748","0.09424769878387451"
"0.16777342557907104","0.050265438854694366"
"0.13313601911067963","0.012566359713673592"
"0.10249900072813034","-0.018849540501832962"
"0.07586528360843658","-0.043982259929180145"
"0.05322852358222008","-0.06911497563123703"
"0.03459412232041359","-0.08796451985836029"
"0.019957639276981354","-0.10053087770938873"
"0.009321527555584908","-0.10681405663490295"
"0.002686342690140009","-0.10681405663490295"
"5.050222171121277E-5","-0.10681405663490295"
"0.0","-0.10053087770938873"
"0.0","-0.09424769878387451"
"0.0","-0.08168134093284607"
"0.0","-0.06911497563123703"
"0.0","-0.056548621505498886"
"0.0","-0.043982259929180145"
"0.0","-0.0314159020781517"
"0.0","-0.025132719427347183"
"0.0","-0.012566359713673592"
"0.0","0.0"
"0.0","0.006283179856836796"
"0.0","0.018849540501832962"
"0.0","0.025132719427347183"
"0.0","0.0314159020781517"
"0.0","0.037699081003665924"
"0.0","0.043982259929180145"
"0.0","0.050265438854694366"
"0.0","0.056548621505498886"
"0.0","0.0628318041563034"
"0.0","0.06911497563123703"
"0.0","0.06911497563123703"
"0.0","0.07539816200733185"
"0.0","0.07539816200733185"
"0.0","0.08168134093284607"
"0.0","0.08168134093284607"
"0.0","0.08168134093284607"
"0.0","0.08168134093284607"
"0.0","0.08168134093284607"
"0.0","0.08168134093284607"
"0.0","0.08168134093284607"
"0.0","0.08168134093284607"
"0.0","0.08168134093284607"
"0.0","0.08168134093284607"
"0.0","0.07539816200733185"
"0.0","0.07539816200733185"
"0.0","0.07539816200733185"
"0.0","0.07539816200733185"
"0.0","0.07539816200733185"
"0.0","0.07539816200733185"
"0.0","0.07539816200733185"
"0.0","0.07539816200733185"
"0.0","0.07539816200733185"
"0.0","0.07539816200733185"
"0.0","0.07539816200733185"
"0.0","0.07539816200733185"
"0.0","0.07539816200733185"
"0.0","0.07539816200733185"
"0.0","0.07539816200733185"
"0.0","0.07539816200733185"
"0.0","0.07539816200733185"
"0.0","0.07539816200733185"
"0.0","0.07539816200733185"
"0.0","0.07539816200733185"
"0.0","0.07539816200733185"
"0.0","0.07539816200733185"
"0.0","0.07539816200733185"
"0.0","0.07539816200733185"
"0.0","0.07539816200733185"
"0.0","0.07539816200733185"
"0.0","0.07539816200733185"
"0.0","0.07539816200733185"
"0.0","0.07539816200733185"
"0.0","0.07539816200733185"
"0.0","0.07539816200733185"
"0.0","0.07539816200733185"
"0.0","0.07539816200733185"
"0.0","0.07539816200733185"
"0.0","0.06911497563123703"
"0.0","0.06911497563123703"
"0.0","0.06911497563123703"
"0.0","0.06911497563123703"
"0.0","0.06911497563123703"
"0.0","0.06911497563123703"
"0.0","0.06911497563123703"
"0.0","0.06911497563123703"
"0.0","0.06911497563123703"
"0.0","0.06911497563123703"
"0.0","0.06911497563123703"
"0.0","0.06911497563123703"
"0.0","0.06911497563123703"
"0.0","0.06911497563123703"
"0.0","0.06911497563123703"
"0.0","0.06911497563123703"
"0.0","0.06911497563123703"
"0.0","0.06911497563123703"
"0.0","0.06911497563123703"
"0.0","0.06911497563123703"
"0.0","0.06911497563123703"
"0.0","0.06911497563123703"
"0.0","0.06911497563123703"
"0.0","0.06911497563123703"
"0.0","0.06911497563123703"
"0.0","0.06911497563123703"
"0.0","0.06911497563123703"
"0.0","0.06911497563123703"
"0.0","0.06911497563123703"
"0.0","0.06911497563123703"
"0.0","0.06911497563123703"
"0.0","0.06911497563123703"
"0.0","0.06911497563123703"
"0.0","0.06911497563123703"
"0.0","0.0628318041563034"
"0.0","0.0628318041563034"
"0.0","0.0628318041563034"
"0.0","0.0628318041563034"
"0.0","0.0628318041563034"
"0.0","0.0628318041563034"
"0.0","0.0628318041563034"
"0.0","0.0628318041563034"
"0.0","0.0628318041563034"
"0.0","0.0628318041563034"
"0.0","0.056548621505498886"
"0.0","0.056548621505498886"
"0.0","0.056548621505498886"
"0.0","0.056548621505498886"
"0.0","0.056548621505498886"
"0.0","0.056548621505498886"
"0.0","0.056548621505498886"
"0.0","0.056548621505498886"
"0.0","0.056548621505498886"
"0.0","0.056548621505498886"
"0.0","0.050265438854694366"
"0.0","0.050265438854694366"
"0.0","0.050265438854694366"
"0.0","0.050265438854694366"
"0.0","0.050265438854694366"
"0.0","0.050265438854694366"
"0.0","0.050265438854694366"
"0.0","0.050265438854694366"
"0.0","0.043982259929180145"
"0.0","0.043982259929180145"
"0.0","0.043982259929180145"
"0.0","0.043982259929180145"
"0.0","0.043982259929180145"
"0.0","0.043982259929180145"
"0.0","0.043982259929180145"
"0.0","0.043982259929180145"
"0.0","0.037699081003665924"
"0.0","0.037699081003665924"
"0.0","0.037699081003665924"
"0.0","0.037699081003665924"
"0.0","0.037699081003665924"
"0.0","0.037699081003665924"
"0.0","0.037699081003665924"
"0.0","0.0314159020781517"
"0.0","0.0314159020781517"
"0.0","0.0314159020781517"
"0.0","0.0314159020781517"
"0.0","0.0314159020781517"
"0.0","0.0314159020781517"
"0.0","0.0314159020781517"
"0.0","0.0314159020781517"
"0.0","0.0314159020781517"
"0.0","0.025132719427347183"
"0.0","0.025132719427347183"
"0.0","0.025132719427347183"
"0.0","0.025132719427347183"
"0.0","0.025132719427347183"
"0.0","0.025132719427347183"
"0.0","0.025132719427347183"
